Season,Team,Salary,SalaryInflation
2022,Golden State,"$178,897,495 ",
2022,Brooklyn,"$175,355,969 ",
2022,LA Clippers,"$168,844,333 ",
2022,LA Lakers,"$164,786,196 ",
2022,Milwaukee,"$157,151,425 ",
2022,Utah,"$154,205,020 ",
2022,Philadelphia,"$144,593,428 ",
2022,Boston,"$143,049,139 ",
2022,Portland,"$142,818,883 ",
2022,Miami,"$140,570,655 ",
2022,Toronto,"$137,322,757 ",
2022,Minnesota,"$136,707,719 ",
2022,Atlanta,"$136,648,361 ",
2022,Denver,"$136,466,158 ",
2022,Washington,"$136,081,985 ",
2022,Cleveland,"$135,240,876 ",
2022,Indiana,"$135,126,570 ",
2022,Chicago,"$134,488,478 ",
2022,Sacramento,"$131,285,766 ",
2022,Phoenix,"$130,287,051 ",
2022,Houston,"$127,828,509 ",
2022,Detroit,"$126,365,870 ",
2022,Orlando,"$121,607,218 ",
2022,Dallas,"$121,016,597 ",
2022,New York,"$120,050,752 ",
2022,San Antonio,"$118,881,308 ",
2022,Charlotte,"$117,829,363 ",
2022,New Orleans,"$115,854,297 ",
2022,Memphis,"$115,017,735 ",
2022,Oklahoma City,"$79,112,011 ",
2021,Golden State,"$171,105,334 ","$171,105,334 "
2021,Brooklyn,"$170,444,633 ","$170,444,633 "
2021,Philadelphia,"$147,825,311 ","$147,825,311 "
2021,LA Clippers,"$139,722,606 ","$139,722,606 "
2021,LA Lakers,"$139,334,713 ","$139,334,713 "
2021,Utah,"$136,881,324 ","$136,881,324 "
2021,Milwaukee,"$136,623,929 ","$136,623,929 "
2021,Miami,"$134,731,235 ","$134,731,235 "
2021,New Orleans,"$133,901,495 ","$133,901,495 "
2021,Boston,"$132,931,565 ","$132,931,565 "
2021,Memphis,"$132,022,601 ","$132,022,601 "
2021,Portland,"$131,904,647 ","$131,904,647 "
2021,Houston,"$131,784,255 ","$131,784,255 "
2021,Washington,"$131,294,012 ","$131,294,012 "
2021,Minnesota,"$130,334,934 ","$130,334,934 "
2021,Indiana,"$130,237,102 ","$130,237,102 "
2021,Denver,"$129,793,210 ","$129,793,210 "
2021,Cleveland,"$129,605,319 ","$129,605,319 "
2021,San Antonio,"$129,537,825 ","$129,537,825 "
2021,Toronto,"$129,131,910 ","$129,131,910 "
2021,Chicago,"$128,963,580 ","$128,963,580 "
2021,Phoenix,"$128,858,241 ","$128,858,241 "
2021,Dallas,"$127,657,823 ","$127,657,823 "
2021,Orlando,"$121,739,163 ","$121,739,163 "
2021,Atlanta,"$118,804,016 ","$118,804,016 "
2021,Detroit,"$117,041,599 ","$117,041,599 "
2021,Charlotte,"$108,218,809 ","$108,218,809 "
2021,Sacramento,"$106,847,430 ","$106,847,430 "
2021,New York,"$102,137,151 ","$102,137,151 "
2021,Oklahoma City,"$95,774,839 ","$95,774,839 "
2020,Oklahoma City,"$132,017,938 ","$132,870,415 "
2020,Portland,"$131,979,953 ","$132,832,183 "
2020,LA Clippers,"$131,506,341 ","$132,355,511 "
2020,Cleveland,"$131,059,022 ","$131,905,303 "
2020,Philadelphia,"$129,912,339 ","$130,751,219 "
2020,Miami,"$129,867,871 ","$130,706,462 "
2020,Golden State,"$129,254,928 ","$130,089,563 "
2020,Denver,"$128,746,180 ","$129,577,527 "
2020,Houston,"$128,109,922 ","$128,937,160 "
2020,Orlando,"$126,095,610 ","$126,909,843 "
2020,Milwaukee,"$122,612,183 ","$123,403,921 "
2020,Toronto,"$122,463,495 ","$123,254,273 "
2020,Washington,"$121,296,256 ","$122,079,496 "
2020,Dallas,"$120,871,082 ","$121,651,576 "
2020,San Antonio,"$119,217,331 ","$119,987,148 "
2020,LA Lakers,"$118,971,686 ","$119,739,915 "
2020,Utah,"$118,910,311 ","$119,678,146 "
2020,Brooklyn,"$118,889,943 ","$119,657,646 "
2020,New Orleans,"$117,868,297 ","$118,629,402 "
2020,Boston,"$117,759,332 ","$118,519,734 "
2020,Minnesota,"$114,202,982 ","$114,940,421 "
2020,Sacramento,"$113,796,966 ","$114,531,782 "
2020,Indiana,"$112,872,260 ","$113,601,104 "
2020,Chicago,"$112,601,901 ","$113,328,998 "
2020,Detroit,"$104,527,576 ","$105,202,536 "
2020,New York,"$100,232,129 ","$100,879,351 "
2020,Phoenix,"$98,539,675 ","$99,175,970 "
2020,Memphis,"$98,495,848 ","$99,131,862 "
2020,Charlotte,"$96,552,033 ","$97,175,492 "
2020,Atlanta,"$85,600,106 ","$86,152,846 "
2019,Miami,"$153,171,497 ","$156,701,881 "
2019,Golden State,"$146,291,276 ","$149,663,080 "
2019,Oklahoma City,"$144,916,427 ","$148,256,541 "
2019,Toronto,"$137,793,831 ","$140,969,781 "
2019,Milwaukee,"$130,988,604 ","$134,007,700 "
2019,Portland,"$130,256,600 ","$133,258,826 "
2019,Detroit,"$126,557,932 ","$129,474,908 "
2019,Houston,"$126,474,100 ","$129,389,144 "
2019,Boston,"$125,334,993 ","$128,223,783 "
2019,Memphis,"$125,188,633 ","$128,074,045 "
2019,Washington,"$123,747,588 ","$126,599,790 "
2019,New York,"$123,387,454 ","$126,231,354 "
2019,Cleveland,"$123,255,073 ","$126,095,922 "
2019,Minnesota,"$121,962,221 ","$124,773,273 "
2019,San Antonio,"$121,588,790 ","$124,391,233 "
2019,Charlotte,"$121,427,859 ","$124,226,596 "
2019,Brooklyn,"$118,850,600 ","$121,589,931 "
2019,Denver,"$118,327,016 ","$121,054,282 "
2019,LA Clippers,"$118,026,816 ","$120,747,162 "
2019,New Orleans,"$116,052,756 ","$118,727,603 "
2019,Philadelphia,"$115,127,167 ","$117,780,678 "
2019,Orlando,"$114,394,213 ","$117,030,832 "
2019,Utah,"$113,826,156 ","$116,449,685 "
2019,Chicago,"$112,598,201 ","$115,193,422 "
2019,Indiana,"$110,724,804 ","$113,276,848 "
2019,Phoenix,"$108,692,835 ","$111,198,041 "
2019,LA Lakers,"$107,225,482 ","$109,696,872 "
2019,Sacramento,"$101,466,920 ","$103,805,581 "
2019,Dallas,"$86,958,881 ","$88,963,153 "
2019,Atlanta,"$79,180,081 ","$81,005,062 "
2018,Cleveland,"$137,722,926 ","$144,943,173 "
2018,Golden State,"$137,610,134 ","$144,824,464 "
2018,Oklahoma City,"$134,534,640 ","$141,587,738 "
2018,Miami,"$133,624,374 ","$140,629,748 "
2018,Washington,"$123,306,396 ","$129,770,841 "
2018,New Orleans,"$120,814,452 ","$127,148,253 "
2018,Milwaukee,"$120,521,249 ","$126,839,676 "
2018,Houston,"$119,905,532 ","$126,191,680 "
2018,Detroit,"$119,773,191 ","$126,052,403 "
2018,LA Clippers,"$119,093,010 ","$125,336,563 "
2018,Portland,"$118,708,146 ","$124,931,523 "
2018,Charlotte,"$117,382,664 ","$123,536,554 "
2018,Toronto,"$116,929,373 ","$123,059,496 "
2018,Minnesota,"$116,075,131 ","$122,160,471 "
2018,Boston,"$115,284,776 ","$121,328,679 "
2018,San Antonio,"$114,633,844 ","$120,643,621 "
2018,Memphis,"$110,700,149 ","$116,503,695 "
2018,Denver,"$107,543,599 ","$113,181,665 "
2018,Utah,"$105,606,838 ","$111,143,366 "
2018,New York,"$105,403,130 ","$110,928,980 "
2018,LA Lakers,"$103,126,557 ","$108,533,052 "
2018,Philadelphia,"$100,797,386 ","$106,081,772 "
2018,Atlanta,"$99,992,696 ","$105,234,890 "
2018,Sacramento,"$99,587,185 ","$104,808,123 "
2018,Orlando,"$98,700,258 ","$103,874,703 "
2018,Brooklyn,"$95,475,397 ","$100,480,775 "
2018,Indiana,"$95,271,736 ","$100,266,438 "
2018,Phoenix,"$92,684,083 ","$97,543,120 "
2018,Chicago,"$90,466,801 ","$95,209,595 "
2018,Dallas,"$85,440,245 ","$89,919,516 "
2017,Cleveland,"$128,522,489 ","$137,469,857 "
2017,Portland,"$119,732,234 ","$128,067,649 "
2017,LA Clippers,"$114,756,766 ","$122,745,802 "
2017,San Antonio,"$112,017,779 ","$119,816,133 "
2017,Memphis,"$110,083,520 ","$117,747,216 "
2017,Toronto,"$108,599,970 ","$116,160,386 "
2017,Detroit,"$106,492,988 ","$113,906,724 "
2017,Orlando,"$104,096,951 ","$111,343,881 "
2017,Washington,"$104,016,580 ","$111,257,914 "
2017,Charlotte,"$103,054,004 ","$110,228,324 "
2017,New York,"$102,593,418 ","$109,735,673 "
2017,Dallas,"$102,354,966 ","$109,480,619 "
2017,New Orleans,"$101,616,451 ","$108,690,692 "
2017,Golden State,"$101,584,835 ","$108,656,876 "
2017,Miami,"$100,740,770 ","$107,754,051 "
2017,Atlanta,"$96,315,163 ","$103,020,345 "
2017,Milwaukee,"$96,245,877 ","$102,946,239 "
2017,Sacramento,"$95,596,327 ","$102,251,465 "
2017,LA Lakers,"$94,781,848 ","$101,380,286 "
2017,Boston,"$93,465,326 ","$99,972,111 "
2017,Chicago,"$92,522,306 ","$98,963,441 "
2017,Oklahoma City,"$91,230,089 ","$97,581,263 "
2017,Houston,"$90,956,067 ","$97,288,163 "
2017,Indiana,"$90,279,072 ","$96,564,039 "
2017,Phoenix,"$89,754,590 ","$96,003,042 "
2017,Philadelphia,"$84,775,343 ","$90,677,150 "
2017,Denver,"$83,836,460 ","$89,672,906 "
2017,Minnesota,"$83,527,580 ","$89,342,526 "
2017,Brooklyn,"$82,391,482 ","$88,127,334 "
2017,Utah,"$80,138,192 ","$85,717,182 "
2016,Cleveland,"$108,300,458 ","$116,995,329 "
2016,LA Clippers,"$97,019,321 ","$104,808,488 "
2016,Oklahoma City,"$95,708,387 ","$103,392,305 "
2016,Golden State,"$93,669,566 ","$101,189,798 "
2016,San Antonio,"$87,832,839 ","$94,884,468 "
2016,Houston,"$87,504,058 ","$94,529,294 "
2016,Chicago,"$87,073,838 ","$94,064,534 "
2016,Miami,"$85,764,781 ","$92,650,377 "
2016,Washington,"$85,055,155 ","$91,883,782 "
2016,New Orleans,"$83,709,371 ","$90,429,946 "
2016,Memphis,"$83,223,881 ","$89,905,480 "
2016,Brooklyn,"$80,258,302 ","$86,701,814 "
2016,Detroit,"$77,256,014 ","$83,458,487 "
2016,Boston,"$77,141,919 ","$83,335,233 "
2016,Charlotte,"$76,860,006 ","$83,030,687 "
2016,Dallas,"$75,397,067 ","$81,450,292 "
2016,New York,"$74,237,021 ","$80,197,117 "
2016,Milwaukee,"$73,843,541 ","$79,772,046 "
2016,LA Lakers,"$72,694,352 ","$78,530,593 "
2016,Denver,"$72,589,023 ","$78,416,804 "
2016,Minnesota,"$72,287,243 ","$78,090,800 "
2016,Atlanta,"$71,661,760 ","$77,415,101 "
2016,Indiana,"$71,605,233 ","$77,354,035 "
2016,Toronto,"$71,591,189 ","$77,338,864 "
2016,Sacramento,"$70,610,560 ","$76,279,505 "
2016,Phoenix,"$68,095,365 ","$73,562,377 "
2016,Philadelphia,"$64,583,220 ","$69,768,256 "
2016,Utah,"$63,608,425 ","$68,715,203 "
2016,Orlando,"$63,199,651 ","$68,273,611 "
2016,Portland,"$61,685,814 ","$66,638,236 "
2015,Brooklyn,"$87,817,289 ","$94,985,092 "
2015,LA Clippers,"$85,259,447 ","$92,218,473 "
2015,Dallas,"$84,820,225 ","$91,743,400 "
2015,Cleveland,"$82,592,827 ","$89,334,199 "
2015,New York,"$81,369,219 ","$88,010,715 "
2015,Toronto,"$81,317,963 ","$87,955,279 "
2015,Oklahoma City,"$80,408,520 ","$86,971,605 "
2015,New Orleans,"$80,012,866 ","$86,543,655 "
2015,LA Lakers,"$77,546,500 ","$83,875,980 "
2015,Houston,"$76,849,302 ","$83,121,875 "
2015,Miami,"$75,813,041 ","$82,001,032 "
2015,Memphis,"$75,158,730 ","$81,293,315 "
2015,Indiana,"$74,793,526 ","$80,898,305 "
2015,Golden State,"$73,611,166 ","$79,619,438 "
2015,Sacramento,"$73,379,071 ","$79,368,398 "
2015,Washington,"$73,372,974 ","$79,361,804 "
2015,San Antonio,"$70,770,209 ","$76,546,596 "
2015,Portland,"$69,936,842 ","$75,645,209 "
2015,Minnesota,"$69,378,954 ","$75,041,784 "
2015,Chicago,"$67,414,682 ","$72,917,186 "
2015,Detroit,"$67,410,675 ","$72,912,853 "
2015,Charlotte,"$66,792,937 ","$72,244,691 "
2015,Boston,"$62,218,516 ","$67,296,895 "
2015,Utah,"$60,847,538 ","$65,814,018 "
2015,Orlando,"$59,629,210 ","$64,496,249 "
2015,Atlanta,"$58,320,278 ","$63,080,477 "
2015,Phoenix,"$58,018,672 ","$62,754,255 "
2015,Denver,"$56,820,307 ","$61,458,077 "
2015,Milwaukee,"$54,473,275 ","$58,919,473 "
2015,Philadelphia,"$54,355,571 ","$58,792,158 "
2014,Brooklyn,"$102,589,967 ","$113,263,089 "
2014,New York,"$89,072,787 ","$98,339,622 "
2014,Miami,"$80,841,617 ","$89,252,108 "
2014,LA Lakers,"$77,423,614 ","$85,478,505 "
2014,Dallas,"$75,012,158 ","$82,816,170 "
2014,Chicago,"$73,336,893 ","$80,966,615 "
2014,LA Clippers,"$73,049,774 ","$80,649,628 "
2014,Golden State,"$72,503,122 ","$80,046,105 "
2014,Memphis,"$71,992,885 ","$79,482,784 "
2014,Oklahoma City,"$71,653,401 ","$79,107,981 "
2014,Toronto,"$71,561,643 ","$79,006,676 "
2014,Boston,"$70,885,503 ","$78,260,193 "
2014,Minnesota,"$68,564,040 ","$75,697,211 "
2014,New Orleans,"$67,358,651 ","$74,366,415 "
2014,Indiana,"$67,182,414 ","$74,171,847 "
2014,Cleveland,"$66,654,061 ","$73,588,522 "
2014,Denver,"$65,782,065 ","$72,625,812 "
2014,Washington,"$64,698,822 ","$71,429,870 "
2014,San Antonio,"$63,115,911 ","$69,682,278 "
2014,Detroit,"$62,387,432 ","$68,878,010 "
2014,Portland,"$61,260,350 ","$67,633,673 "
2014,Charlotte,"$60,395,651 ","$66,679,012 "
2014,Sacramento,"$59,174,155 ","$65,330,434 "
2014,Atlanta,"$58,998,677 ","$65,136,701 "
2014,Houston,"$57,823,063 ","$63,838,780 "
2014,Orlando,"$56,948,031 ","$62,872,712 "
2014,Utah,"$56,911,999 ","$62,832,932 "
2014,Phoenix,"$55,569,468 ","$61,350,727 "
2014,Milwaukee,"$54,400,846 ","$60,060,525 "
2014,Philadelphia,"$51,741,312 ","$57,124,300 "
2013,LA Lakers,"$100,131,988 ","$112,488,883 "
2013,Brooklyn,"$87,644,649 ","$98,460,530 "
2013,Miami,"$80,427,933 ","$90,353,229 "
2013,New York,"$79,977,119 ","$89,846,778 "
2013,Boston,"$75,508,399 ","$84,826,589 "
2013,Chicago,"$74,491,280 ","$83,683,955 "
2013,Golden State,"$70,036,985 ","$78,679,974 "
2013,San Antonio,"$69,838,600 ","$78,457,104 "
2013,Dallas,"$69,766,571 ","$78,376,184 "
2013,LA Clippers,"$69,152,721 ","$77,686,584 "
2013,Oklahoma City,"$68,924,100 ","$77,429,752 "
2013,Detroit,"$68,807,497 ","$77,298,758 "
2013,Atlanta,"$66,710,178 ","$74,942,614 "
2013,Philadelphia,"$66,697,839 ","$74,928,756 "
2013,Orlando,"$66,557,496 ","$74,771,093 "
2013,Indiana,"$66,107,195 ","$74,265,222 "
2013,Utah,"$65,657,569 ","$73,760,110 "
2013,Minnesota,"$64,329,748 ","$72,268,424 "
2013,New Orleans,"$64,134,537 ","$72,049,124 "
2013,Toronto,"$63,708,138 ","$71,570,109 "
2013,Denver,"$63,444,254 ","$71,273,659 "
2013,Memphis,"$63,054,115 ","$70,835,373 "
2013,Milwaukee,"$62,410,041 ","$70,111,817 "
2013,Washington,"$59,715,539 ","$67,084,795 "
2013,Portland,"$59,442,596 ","$66,778,171 "
2013,Charlotte,"$58,122,566 ","$65,295,241 "
2013,Cleveland,"$54,472,190 ","$61,194,381 "
2013,Sacramento,"$54,421,935 ","$61,137,931 "
2013,Phoenix,"$54,196,264 ","$60,884,409 "
2013,Houston,"$48,048,265 ","$53,977,707 "
2023,Golden State,"$171,078,091 ",
2023,Brooklyn,"$161,133,652 ",
2023,LA Clippers,"$168,376,234 ",
2023,LA Lakers,"$146,592,704 ",
2023,Milwaukee,"$156,495,195 ",
2023,Utah,"$140,501,318 ",
2023,Philadelphia,"$148,020,511 ",
2023,Boston,"$149,206,834 ",
2023,Portland,"$110,836,668 ",
2023,Miami,"$131,696,522 ",
2023,Toronto,"$112,637,515 ",
2023,Minnesota,"$106,530,547 ",
2023,Atlanta,"$151,893,960 ",
2023,Denver,"$155,727,599 ",
2023,Washington,"$115,653,226 ",
2023,Cleveland,"$98,130,427 ",
2023,Indiana,"$108,686,746 ",
2023,Chicago,"$98,784,954 ",
2023,Sacramento,"$104,411,984 ",
2023,Phoenix,"$123,145,099 ",
2023,Houston,"$126,715,691 ",
2023,Detroit,"$76,777,268 ",
2023,Orlando,"$81,190,440 ",
2023,Dallas,"$137,867,675 ",
2023,New York,"$114,636,173 ",
2023,San Antonio,"$83,552,188 ",
2023,Charlotte,"$115,586,778 ",
2023,New Orleans,"$116,461,786 ",
2023,Memphis,"$95,885,454 ",
2023,Oklahoma City,"$102,321,376 ",
2024,Golden State,"$122,721,279 ",
2024,Brooklyn,"$67,578,004 ",
2024,LA Clippers,"$137,409,279 ",
2024,LA Lakers,"$51,620,080 ",
2024,Milwaukee,"$134,843,079 ",
2024,Utah,"$127,618,100 ",
2024,Philadelphia,"$128,102,524 ",
2024,Boston,"$93,571,273 ",
2024,Portland,"$99,442,553 ",
2024,Miami,"$125,620,560 ",
2024,Toronto,"$104,905,339 ",
2024,Minnesota,"$43,034,200 ",
2024,Atlanta,"$113,255,643 ",
2024,Denver,"$97,030,508 ",
2024,Washington,"$63,095,239 ",
2024,Cleveland,"$43,978,841 ",
2024,Indiana,"$50,600,000 ",
2024,Chicago,"$58,525,117 ",
2024,Sacramento,"$63,925,921 ",
2024,Phoenix,"$105,266,200 ",
2024,Houston,"$12,941,204 ",
2024,Detroit,"$15,061,789 ",
2024,Orlando,"$47,450,000 ",
2024,Dallas,"$102,959,528 ",
2024,New York,"$47,084,023 ",
2024,San Antonio,"$57,271,143 ",
2024,Charlotte,"$56,541,317 ",
2024,New Orleans,"$74,328,400 ",
2024,Memphis,"$37,502,202 ",
2024,Oklahoma City,"$37,796,777 ",
2025,Golden State,"$55,761,217 ",
2025,Brooklyn,"$51,179,020 ",
2025,LA Clippers,"$108,998,516 ",
2025,LA Lakers,"$43,219,440 ",
2025,Milwaukee,"$89,002,529 ",
2025,Utah,"$78,054,900 ",
2025,Philadelphia,"$87,569,244 ",
2025,Boston,"$67,237,196 ",
2025,Portland,"$68,029,055 ",
2025,Miami,"$103,053,017 ",
2025,Toronto,"$19,928,571 ",
2025,Minnesota,$0 ,
2025,Atlanta,"$101,685,637 ",
2025,Denver,"$93,367,655 ",
2025,Washington,"$29,394,160 ",
2025,Cleveland,"$38,044,544 ",
2025,Indiana,"$31,800,000 ",
2025,Chicago,"$31,285,348 ",
2025,Sacramento,"$47,725,120 ",
2025,Phoenix,"$65,100,000 ",
2025,Houston,"$2,057,646 ",
2025,Detroit,"$2,866,667 ",
2025,Orlando,"$29,350,000 ",
2025,Dallas,"$57,605,183 ",
2025,New York,"$30,317,760 ",
2025,San Antonio,"$19,321,429 ",
2025,Charlotte,"$24,924,126 ",
2025,New Orleans,"$48,666,200 ",
2025,Memphis,"$25,257,798 ",
2025,Oklahoma City,"$36,498,598 ",
2012,LA Lakers,"$88,264,478 ","$100,806,814 "
2012,Orlando,"$87,955,505 ","$100,453,936 "
2012,Portland,"$80,920,717 ","$92,419,505 "
2012,Phoenix,"$80,640,576 ","$92,099,560 "
2012,Boston,"$79,820,530 ","$91,162,985 "
2012,Dallas,"$77,180,233 ","$88,147,505 "
2012,New York,"$77,093,212 ","$88,048,116 "
2012,Miami,"$75,469,639 ","$86,193,835 "
2012,San Antonio,"$73,732,762 ","$84,210,148 "
2012,Atlanta,"$73,669,912 ","$84,138,365 "
2012,Detroit,"$70,923,605 ","$81,001,811 "
2012,Memphis,"$70,628,007 ","$80,664,209 "
2012,Chicago,"$69,548,447 ","$79,431,243 "
2012,LA Clippers,"$67,333,389 ","$76,901,427 "
2012,Philadelphia,"$66,672,368 ","$76,146,474 "
2012,New Orleans,"$65,441,008 ","$74,740,139 "
2012,Brooklyn,"$65,281,235 ","$74,557,660 "
2012,Cleveland,"$64,875,599 ","$74,094,385 "
2012,Golden State,"$61,576,901 ","$70,326,943 "
2012,Milwaukee,"$60,192,388 ","$68,745,693 "
2012,Oklahoma City,"$59,501,709 ","$67,956,869 "
2012,Denver,"$58,553,173 ","$66,873,548 "
2012,Utah,"$58,178,016 ","$66,445,081 "
2012,Charlotte,"$57,902,024 ","$66,129,870 "
2012,Houston,"$57,021,755 ","$65,124,515 "
2012,Minnesota,"$56,844,339 ","$64,921,888 "
2012,Washington,"$55,386,345 ","$63,256,713 "
2012,Toronto,"$55,063,049 ","$62,887,477 "
2012,Indiana,"$51,554,083 ","$58,879,888 "
2012,Sacramento,"$48,950,236 ","$55,906,037 "
2011,LA Lakers,"$91,428,140 ","$108,136,161 "
2011,Orlando,"$90,770,804 ","$107,358,700 "
2011,Dallas,"$85,409,890 ","$101,018,108 "
2011,Boston,"$82,045,867 ","$97,039,327 "
2011,Utah,"$75,855,296 ","$89,717,461 "
2011,Portland,"$74,584,058 ","$88,213,909 "
2011,Houston,"$72,315,654 ","$85,530,967 "
2011,Atlanta,"$71,469,843 ","$84,530,590 "
2011,Memphis,"$70,241,344 ","$83,077,585 "
2011,Toronto,"$69,992,648 ","$82,783,441 "
2011,San Antonio,"$69,522,311 ","$82,227,153 "
2011,Milwaukee,"$69,076,690 ","$81,700,096 "
2011,Philadelphia,"$68,915,246 ","$81,509,152 "
2011,Golden State,"$68,415,336 ","$80,917,886 "
2011,New Orleans,"$68,230,729 ","$80,699,541 "
2011,Denver,"$68,019,290 ","$80,449,464 "
2011,New York,"$67,016,562 ","$79,263,490 "
2011,Charlotte,"$66,542,696 ","$78,703,029 "
2011,Miami,"$66,205,855 ","$78,304,632 "
2011,Phoenix,"$65,979,054 ","$78,036,385 "
2011,Detroit,"$65,517,821 ","$77,490,864 "
2011,Indiana,"$65,088,630 ","$76,983,241 "
2011,Brooklyn,"$58,495,989 ","$69,185,828 "
2011,Washington,"$58,324,988 ","$68,983,576 "
2011,Oklahoma City,"$55,922,488 ","$66,142,032 "
2011,Chicago,"$54,538,076 ","$64,504,629 "
2011,Cleveland,"$53,990,021 ","$63,856,416 "
2011,Minnesota,"$53,461,123 ","$63,230,864 "
2011,LA Clippers,"$53,225,329 ","$62,951,979 "
2011,Sacramento,"$45,268,465 ","$53,541,040 "
2010,LA Lakers,"$91,378,064 ","$109,215,362 "
2010,Dallas,"$88,916,075 ","$106,272,786 "
2010,New York,"$85,710,076 ","$102,440,963 "
2010,Boston,"$83,552,174 ","$99,861,832 "
2010,Cleveland,"$83,398,534 ","$99,678,198 "
2010,Orlando,"$82,200,916 ","$98,246,805 "
2010,San Antonio,"$79,338,309 ","$94,825,407 "
2010,Denver,"$74,935,538 ","$89,563,200 "
2010,Miami,"$74,208,013 ","$88,693,658 "
2010,Washington,"$73,440,274 ","$87,776,055 "
2010,Utah,"$71,905,244 ","$85,941,383 "
2010,New Orleans,"$70,163,827 ","$83,860,035 "
2010,Chicago,"$69,700,359 ","$83,306,095 "
2010,Houston,"$69,095,315 ","$82,582,941 "
2010,Charlotte,"$68,681,758 ","$82,088,660 "
2010,Toronto,"$67,822,433 ","$81,061,593 "
2010,Sacramento,"$67,515,718 ","$80,695,005 "
2010,Milwaukee,"$66,775,602 ","$79,810,415 "
2010,Indiana,"$66,733,257 ","$79,759,805 "
2010,Atlanta,"$65,883,642 ","$78,744,343 "
2010,Golden State,"$65,352,372 ","$78,109,367 "
2010,Phoenix,"$65,288,544 ","$78,033,080 "
2010,Philadelphia,"$64,883,448 ","$77,548,908 "
2010,Minnesota,"$62,253,360 ","$74,405,418 "
2010,LA Clippers,"$61,616,409 ","$73,644,132 "
2010,Detroit,"$60,185,833 ","$71,934,302 "
2010,Brooklyn,"$59,366,715 ","$70,955,288 "
2010,Oklahoma City,"$58,578,614 ","$70,013,346 "
2010,Memphis,"$57,287,474 ","$68,470,169 "
2010,Portland,"$56,946,258 ","$68,062,351 "
2009,New York,"$96,643,646 ","$113,860,752 "
2009,Dallas,"$95,045,559 ","$111,977,963 "
2009,Cleveland,"$91,298,233 ","$107,563,052 "
2009,Portland,"$80,260,059 ","$94,558,421 "
2009,Boston,"$79,188,973 ","$93,296,522 "
2009,LA Lakers,"$78,245,793 ","$92,185,313 "
2009,Phoenix,"$76,130,408 ","$89,693,071 "
2009,Toronto,"$73,446,970 ","$86,531,577 "
2009,Houston,"$73,302,272 ","$86,361,099 "
2009,Detroit,"$71,434,174 ","$84,160,200 "
2009,Milwaukee,"$71,360,656 ","$84,073,584 "
2009,Washington,"$70,743,317 ","$83,346,268 "
2009,Miami,"$70,297,059 ","$82,820,508 "
2009,Denver,"$70,121,003 ","$82,613,087 "
2009,Orlando,"$69,672,979 ","$82,085,248 "
2009,Indiana,"$69,668,818 ","$82,080,344 "
2009,Sacramento,"$69,204,512 ","$81,533,319 "
2009,Oklahoma City,"$68,341,605 ","$80,516,684 "
2009,Philadelphia,"$68,301,007 ","$80,468,857 "
2009,Atlanta,"$68,168,841 ","$80,313,146 "
2009,Chicago,"$68,126,774 ","$80,263,586 "
2009,San Antonio,"$68,020,487 ","$80,138,361 "
2009,New Orleans,"$67,530,808 ","$79,561,452 "
2009,Golden State,"$67,416,431 ","$79,426,692 "
2009,Minnesota,"$66,445,144 ","$78,282,372 "
2009,Utah,"$65,841,407 ","$77,571,077 "
2009,Charlotte,"$62,866,926 ","$74,066,691 "
2009,LA Clippers,"$62,764,206 ","$73,945,671 "
2009,Brooklyn,"$62,666,523 ","$73,830,587 "
2009,Memphis,"$55,958,148 ","$65,927,110 "
2008,Dallas,"$101,694,879 ","$125,828,564 "
2008,New York,"$96,190,114 ","$119,017,437 "
2008,Denver,"$82,958,227 ","$102,645,429 "
2008,Cleveland,"$82,217,583 ","$101,729,018 "
2008,Miami,"$74,767,603 ","$92,511,051 "
2008,Boston,"$74,509,455 ","$92,191,641 "
2008,Philadelphia,"$74,038,229 ","$91,608,582 "
2008,Portland,"$73,241,335 ","$90,622,575 "
2008,LA Lakers,"$72,626,796 ","$89,862,199 "
2008,Phoenix,"$71,323,049 ","$88,249,053 "
2008,San Antonio,"$70,048,523 ","$86,672,059 "
2008,Houston,"$69,894,114 ","$86,481,008 "
2008,Minnesota,"$69,043,895 ","$85,429,019 "
2008,Indiana,"$66,260,246 ","$81,984,772 "
2008,Toronto,"$66,042,375 ","$81,715,196 "
2008,Detroit,"$65,898,875 ","$81,537,641 "
2008,Washington,"$65,278,996 ","$80,770,657 "
2008,Utah,"$64,959,089 ","$80,374,831 "
2008,LA Clippers,"$64,847,945 ","$80,237,310 "
2008,Sacramento,"$63,403,225 ","$78,449,733 "
2008,Chicago,"$63,084,166 ","$78,054,961 "
2008,New Orleans,"$62,609,991 ","$77,468,256 "
2008,Milwaukee,"$62,571,522 ","$77,420,658 "
2008,Golden State,"$62,148,303 ","$76,897,002 "
2008,Brooklyn,"$61,836,211 ","$76,510,846 "
2008,Oklahoma City,"$60,861,388 ","$75,304,683 "
2008,Orlando,"$58,165,973 ","$71,969,607 "
2008,Atlanta,"$55,501,133 ","$68,672,363 "
2008,Memphis,"$54,118,526 ","$66,961,639 "
2008,Charlotte,"$53,745,468 ","$66,500,052 "
2007,New York,"$117,350,866 ","$149,101,527 "
2007,Dallas,"$88,531,846 ","$112,485,175 "
2007,LA Lakers,"$77,099,949 ","$97,960,248 "
2007,Portland,"$75,026,386 ","$95,325,656 "
2007,Philadelphia,"$69,140,163 ","$87,846,844 "
2007,Minnesota,"$66,820,673 ","$84,899,792 "
2007,Phoenix,"$65,841,120 ","$83,655,209 "
2007,San Antonio,"$65,654,320 ","$83,417,867 "
2007,Denver,"$65,517,776 ","$83,244,380 "
2007,Golden State,"$65,012,368 ","$82,602,226 "
2007,Brooklyn,"$64,486,110 ","$81,933,582 "
2007,Miami,"$64,416,312 ","$81,844,901 "
2007,Sacramento,"$64,296,611 ","$81,692,814 "
2007,Houston,"$63,837,566 ","$81,109,569 "
2007,Milwaukee,"$63,498,518 ","$80,678,785 "
2007,Indiana,"$63,118,965 ","$80,196,540 "
2007,Cleveland,"$62,992,729 ","$80,036,152 "
2007,Boston,"$62,981,479 ","$80,021,854 "
2007,Washington,"$62,733,705 ","$79,707,044 "
2007,Utah,"$62,364,364 ","$79,237,774 "
2007,Memphis,"$61,960,489 ","$78,724,625 "
2007,Orlando,"$61,447,108 ","$78,072,345 "
2007,LA Clippers,"$59,181,038 ","$75,193,160 "
2007,Detroit,"$59,010,951 ","$74,977,055 "
2007,Oklahoma City,"$56,986,831 ","$72,405,285 "
2007,Chicago,"$54,754,904 ","$69,569,485 "
2007,New Orleans,"$53,748,991 ","$68,291,410 "
2007,Toronto,"$51,015,491 ","$64,818,328 "
2007,Atlanta,"$48,581,972 ","$61,726,391 "
2007,Charlotte,"$41,964,046 ","$53,317,908 "
2006,New York,"$126,631,098 ","$167,841,210 "
2006,Dallas,"$98,454,832 ","$130,495,415 "
2006,Philadelphia,"$84,807,300 ","$112,406,507 "
2006,Indiana,"$78,791,779 ","$104,433,332 "
2006,Orlando,"$75,784,782 ","$100,447,753 "
2006,LA Lakers,"$72,917,945 ","$96,647,948 "
2006,Houston,"$69,257,404 ","$91,796,140 "
2006,Memphis,"$67,525,538 ","$89,500,664 "
2006,Brooklyn,"$66,449,350 ","$88,074,249 "
2006,San Antonio,"$63,570,274 ","$84,258,224 "
2006,Milwaukee,"$63,022,514 ","$83,532,201 "
2006,Sacramento,"$62,811,975 ","$83,253,149 "
2006,Toronto,"$62,411,884 ","$82,722,851 "
2006,Minnesota,"$61,830,186 ","$81,951,849 "
2006,Miami,"$60,732,452 ","$80,496,874 "
2006,Portland,"$60,017,964 ","$79,549,869 "
2006,Detroit,"$59,619,275 ","$79,021,432 "
2006,Utah,"$57,372,902 ","$76,044,013 "
2006,Chicago,"$57,166,530 ","$75,770,479 "
2006,Golden State,"$57,114,566 ","$75,701,606 "
2006,Boston,"$56,907,300 ","$75,426,885 "
2006,Denver,"$56,492,172 ","$74,876,666 "
2006,Washington,"$54,555,947 ","$72,310,323 "
2006,Phoenix,"$53,626,924 ","$71,078,962 "
2006,LA Clippers,"$51,358,645 ","$68,072,509 "
2006,Cleveland,"$51,303,962 ","$68,000,030 "
2006,Oklahoma City,"$49,253,379 ","$65,282,117 "
2006,Atlanta,"$42,944,553 ","$56,920,182 "
2006,New Orleans,"$41,277,617 ","$54,710,769 "
2006,Charlotte,"$33,458,932 ","$44,347,612 "
2005,New York,"$102,567,539 ","$139,386,413 "
2005,Dallas,"$91,908,443 ","$124,900,998 "
2005,Portland,"$83,671,309 ","$113,706,964 "
2005,Philadelphia,"$71,951,878 ","$97,780,585 "
2005,Minnesota,"$70,123,411 ","$95,295,751 "
2005,Memphis,"$67,010,830 ","$91,065,838 "
2005,Orlando,"$66,445,249 ","$90,297,231 "
2005,Indiana,"$66,064,780 ","$89,780,182 "
2005,LA Lakers,"$65,059,098 ","$88,413,490 "
2005,Boston,"$64,577,356 ","$87,758,815 "
2005,Sacramento,"$61,807,688 ","$83,994,914 "
2005,Toronto,"$61,703,775 ","$83,853,697 "
2005,Houston,"$60,284,303 ","$81,924,676 "
2005,Miami,"$59,523,529 ","$80,890,805 "
2005,Milwaukee,"$57,448,246 ","$78,070,553 "
2005,Chicago,"$57,276,129 ","$77,836,650 "
2005,New Orleans,"$56,572,882 ","$76,880,958 "
2005,Brooklyn,"$54,983,980 ","$74,721,686 "
2005,Golden State,"$54,943,723 ","$74,666,976 "
2005,Detroit,"$54,762,481 ","$74,420,675 "
2005,Oklahoma City,"$53,821,301 ","$73,141,638 "
2005,Washington,"$49,797,050 ","$67,672,794 "
2005,Cleveland,"$49,175,274 ","$66,827,816 "
2005,San Antonio,"$47,504,123 ","$64,556,769 "
2005,Denver,"$46,101,759 ","$62,650,997 "
2005,LA Clippers,"$45,483,265 ","$61,810,481 "
2005,Phoenix,"$44,598,682 ","$60,608,355 "
2005,Utah,"$43,515,760 ","$59,136,697 "
2005,Atlanta,"$41,059,616 ","$55,798,865 "
2005,Charlotte,"$23,922,578 ","$32,510,107 "
2004,New York,"$89,444,820 ","$125,523,161 "
2004,Portland,"$82,956,768 ","$116,418,097 "
2004,Dallas,"$79,536,723 ","$111,618,548 "
2004,Minnesota,"$71,272,042 ","$100,020,234 "
2004,Sacramento,"$68,372,826 ","$95,951,595 "
2004,Phoenix,"$66,931,770 ","$93,929,275 "
2004,Atlanta,"$64,497,340 ","$90,512,897 "
2004,LA Lakers,"$64,123,085 ","$89,987,682 "
2004,Brooklyn,"$63,697,123 ","$89,389,904 "
2004,Toronto,"$63,033,243 ","$88,458,245 "
2004,Philadelphia,"$60,411,079 ","$84,778,406 "
2004,Boston,"$60,185,915 ","$84,462,422 "
2004,Indiana,"$58,156,236 ","$81,614,052 "
2004,Memphis,"$57,378,323 ","$80,522,362 "
2004,Chicago,"$55,489,797 ","$77,872,081 "
2004,Houston,"$55,401,430 ","$77,748,072 "
2004,Detroit,"$53,442,834 ","$74,999,460 "
2004,Golden State,"$53,376,708 ","$74,906,661 "
2004,Milwaukee,"$53,229,826 ","$74,700,533 "
2004,Oklahoma City,"$52,347,476 ","$73,462,280 "
2004,Orlando,"$50,588,419 ","$70,993,689 "
2004,New Orleans,"$49,800,204 ","$69,887,542 "
2004,Miami,"$47,349,374 ","$66,448,146 "
2004,San Antonio,"$46,464,064 ","$65,205,740 "
2004,Cleveland,"$46,186,472 ","$64,816,180 "
2004,Washington,"$45,682,902 ","$64,109,492 "
2004,Denver,"$39,398,646 ","$55,290,425 "
2004,LA Clippers,"$39,114,363 ","$54,891,473 "
2004,Utah,"$34,747,674 ","$48,763,441 "
2003,Portland,"$105,595,657 ","$151,318,745 "
2003,New York,"$93,452,379 ","$133,917,407 "
2003,Dallas,"$72,940,316 ","$104,523,585 "
2003,Sacramento,"$70,416,596 ","$100,907,091 "
2003,Philadelphia,"$64,822,487 ","$92,890,723 "
2003,LA Lakers,"$63,151,182 ","$90,495,743 "
2003,Memphis,"$61,009,172 ","$87,426,238 "
2003,Brooklyn,"$60,412,919 ","$86,571,807 "
2003,Minnesota,"$59,518,801 ","$85,290,533 "
2003,Milwaukee,"$57,995,152 ","$83,107,141 "
2003,Miami,"$57,378,326 ","$82,223,230 "
2003,Atlanta,"$55,711,549 ","$79,834,735 "
2003,Toronto,"$55,408,207 ","$79,400,043 "
2003,Phoenix,"$55,225,080 ","$79,137,624 "
2003,Indiana,"$53,472,323 ","$76,625,920 "
2003,San Antonio,"$53,182,559 ","$76,210,688 "
2003,Oklahoma City,"$53,167,479 ","$76,189,081 "
2003,Boston,"$52,548,195 ","$75,301,645 "
2003,Utah,"$50,934,629 ","$72,989,400 "
2003,Orlando,"$50,435,346 ","$72,273,927 "
2003,Houston,"$50,181,239 ","$71,909,791 "
2003,Cleveland,"$49,610,448 ","$71,091,848 "
2003,Denver,"$49,109,209 ","$70,373,566 "
2003,Detroit,"$47,777,888 ","$68,465,785 "
2003,Golden State,"$47,737,715 ","$68,408,215 "
2003,Washington,"$46,691,190 ","$66,908,545 "
2003,Chicago,"$44,531,095 ","$63,813,125 "
2003,New Orleans,"$44,458,882 ","$63,709,647 "
2003,LA Clippers,"$42,955,777 ","$61,555,695 "
2002,New York,"$85,993,039 ","$124,543,515 "
2002,Portland,"$84,292,850 ","$122,081,136 "
2002,Brooklyn,"$75,193,712 ","$108,902,877 "
2002,Philadelphia,"$58,073,366 ","$84,107,518 "
2002,Dallas,"$57,960,080 ","$83,943,444 "
2002,Phoenix,"$56,596,369 ","$81,968,386 "
2002,Milwaukee,"$56,224,266 ","$81,429,470 "
2002,Minnesota,"$55,093,782 ","$79,792,192 "
2002,Sacramento,"$54,921,012 ","$79,541,971 "
2002,Washington,"$54,776,087 ","$79,332,075 "
2002,Denver,"$54,460,475 ","$78,874,976 "
2002,LA Lakers,"$54,262,017 ","$78,587,549 "
2002,Indiana,"$53,398,621 ","$77,337,095 "
2002,Miami,"$53,351,186 ","$77,268,395 "
2002,Toronto,"$52,657,161 ","$76,263,240 "
2002,Utah,"$52,642,362 ","$76,241,809 "
2002,Atlanta,"$51,525,207 ","$74,623,833 "
2002,Memphis,"$50,920,631 ","$73,748,227 "
2002,Charlotte,"$49,999,445 ","$72,414,075 "
2002,Houston,"$49,168,169 ","$71,210,143 "
2002,Golden State,"$47,681,152 ","$69,056,499 "
2002,Boston,"$47,515,677 ","$68,816,840 "
2002,Orlando,"$45,984,001 ","$66,598,516 "
2002,San Antonio,"$45,844,814 ","$66,396,932 "
2002,Cleveland,"$45,649,974 ","$66,114,748 "
2002,Oklahoma City,"$45,556,733 ","$65,979,707 "
2002,Chicago,"$42,592,857 ","$61,687,130 "
2002,Detroit,"$42,417,677 ","$61,433,420 "
2002,LA Clippers,"$33,849,932 ","$49,024,771 "
2001,Portland,"$87,395,140 ","$130,685,637 "
2001,New York,"$74,007,738 ","$110,666,888 "
2001,Miami,"$73,472,329 ","$109,866,267 "
2001,Brooklyn,"$68,977,578 ","$103,145,079 "
2001,Washington,"$59,085,969 ","$88,353,738 "
2001,LA Lakers,"$58,968,213 ","$88,177,651 "
2001,Milwaukee,"$57,819,318 ","$86,459,659 "
2001,San Antonio,"$57,215,938 ","$85,557,399 "
2001,Indiana,"$55,086,140 ","$82,372,624 "
2001,Phoenix,"$53,906,347 ","$80,608,430 "
2001,Utah,"$53,893,860 ","$80,589,757 "
2001,Dallas,"$52,274,842 ","$78,168,771 "
2001,Denver,"$52,189,220 ","$78,040,738 "
2001,Oklahoma City,"$51,538,658 ","$77,067,926 "
2001,Boston,"$51,478,707 ","$76,978,277 "
2001,Philadelphia,"$51,085,458 ","$76,390,235 "
2001,Cleveland,"$49,780,549 ","$74,438,948 "
2001,Houston,"$49,283,309 ","$73,695,406 "
2001,Memphis,"$48,899,840 ","$73,121,988 "
2001,Minnesota,"$47,488,500 ","$71,011,552 "
2001,Charlotte,"$46,441,558 ","$69,446,013 "
2001,Sacramento,"$46,266,289 ","$69,183,929 "
2001,Golden State,"$42,363,018 ","$63,347,202 "
2001,Detroit,"$40,475,338 ","$60,524,473 "
2001,Atlanta,"$39,297,129 ","$58,762,651 "
2001,Toronto,"$38,313,749 ","$57,292,160 "
2001,Orlando,"$37,459,860 ","$56,015,304 "
2001,Chicago,"$29,691,907 ","$44,399,556 "
2001,LA Clippers,"$29,606,189 ","$44,271,376 "
2000,Portland,"$73,898,705 ","$114,626,133 "
2000,New York,"$72,288,001 ","$112,127,728 "
2000,LA Lakers,"$55,018,533 ","$85,340,621 "
2000,Indiana,"$54,988,605 ","$85,294,196 "
2000,Brooklyn,"$53,245,461 ","$82,590,364 "
2000,Washington,"$53,194,441 ","$82,511,226 "
2000,Miami,"$52,496,573 ","$81,428,740 "
2000,Houston,"$52,269,367 ","$81,076,318 "
2000,Utah,"$50,348,426 ","$78,096,701 "
2000,Cleveland,"$46,547,966 ","$72,201,712 "
2000,Phoenix,"$46,544,037 ","$72,195,616 "
2000,Boston,"$46,152,875 ","$71,588,876 "
2000,Milwaukee,"$44,680,197 ","$69,304,569 "
2000,Atlanta,"$44,169,202 ","$68,511,952 "
2000,Philadelphia,"$43,890,593 ","$68,079,794 "
2000,Minnesota,"$42,642,272 ","$66,143,493 "
2000,San Antonio,"$42,529,801 ","$65,969,036 "
2000,Detroit,"$42,141,801 ","$65,367,200 "
2000,Orlando,"$41,586,801 ","$64,506,322 "
2000,Denver,"$40,677,095 ","$63,095,255 "
2000,Sacramento,"$40,113,125 ","$62,220,470 "
2000,Dallas,"$40,014,500 ","$62,067,488 "
2000,Charlotte,"$38,619,012 ","$59,902,913 "
2000,Oklahoma City,"$38,258,910 ","$59,344,348 "
2000,Memphis,"$37,432,688 ","$58,062,776 "
2000,Golden State,"$36,133,518 ","$56,047,597 "
2000,Toronto,"$34,730,320 ","$53,871,064 "
2000,Chicago,"$27,032,368 ","$41,930,575 "
2000,LA Clippers,"$22,489,343 ","$34,883,777 "
1999,New York,"$59,945,400 ","$94,808,240 "
1999,Portland,"$54,725,500 ","$86,552,568 "
1999,Orlando,"$46,118,000 ","$72,939,146 "
1999,Indiana,"$45,401,500 ","$71,805,947 "
1999,Miami,"$44,594,000 ","$70,528,825 "
1999,Brooklyn,"$43,735,000 ","$69,170,249 "
1999,San Antonio,"$43,681,143 ","$69,085,072 "
1999,LA Lakers,"$41,872,000 ","$66,223,771 "
1999,Philadelphia,"$41,509,920 ","$65,651,113 "
1999,Atlanta,"$40,954,940 ","$64,773,371 "
1999,Phoenix,"$36,101,500 ","$57,097,283 "
1999,Dallas,"$35,565,568 ","$56,249,666 "
1999,Detroit,"$34,699,620 ","$54,880,102 "
1999,Toronto,"$34,368,500 ","$54,356,410 "
1999,Washington,"$34,018,500 ","$53,802,860 "
1999,Milwaukee,"$33,703,240 ","$53,304,252 "
1999,Memphis,"$33,635,800 ","$53,197,590 "
1999,Minnesota,"$33,107,230 ","$52,361,618 "
1999,Sacramento,"$32,267,000 ","$51,032,726 "
1999,Boston,"$32,258,856 ","$51,019,847 "
1999,Golden State,"$30,985,000 ","$49,005,147 "
1999,Charlotte,"$30,452,000 ","$48,162,166 "
1999,Oklahoma City,"$30,413,082 ","$48,100,614 "
1999,Utah,"$30,298,560 ","$47,919,491 "
1999,Houston,"$30,297,100 ","$47,917,183 "
1999,Denver,"$29,392,200 ","$46,486,011 "
1999,Cleveland,"$28,714,000 ","$45,413,386 "
1999,Chicago,"$28,640,500 ","$45,297,138 "
1999,LA Clippers,"$28,417,580 ","$44,944,576 "
1998,Chicago,"$61,330,670 ","$98,632,947 "
1998,New York,"$53,974,881 ","$86,803,252 "
1998,Orlando,"$43,954,299 ","$70,687,990 "
1998,Washington,"$40,718,075 ","$65,483,447 "
1998,Indiana,"$39,162,273 ","$62,981,380 "
1998,San Antonio,"$38,846,163 ","$62,473,007 "
1998,Oklahoma City,"$37,592,175 ","$60,456,323 "
1998,Phoenix,"$36,937,876 ","$59,404,069 "
1998,LA Lakers,"$36,304,583 ","$58,385,598 "
1998,Miami,"$34,641,186 ","$55,710,494 "
1998,Golden State,"$32,856,469 ","$52,840,288 "
1998,Philadelphia,"$31,420,520 ","$50,530,972 "
1998,Atlanta,"$30,133,827 ","$48,461,692 "
1998,Sacramento,"$30,046,350 ","$48,321,007 "
1998,Utah,"$28,505,442 ","$45,842,898 "
1998,Brooklyn,"$28,504,567 ","$45,841,487 "
1998,Houston,"$28,086,350 ","$45,168,908 "
1998,Minnesota,"$27,787,780 ","$44,688,740 "
1998,Portland,"$27,786,719 ","$44,687,034 "
1998,Dallas,"$27,268,948 ","$43,854,348 "
1998,Charlotte,"$27,006,013 ","$43,431,490 "
1998,Boston,"$26,800,500 ","$43,100,980 "
1998,Cleveland,"$26,677,290 ","$42,902,831 "
1998,Denver,"$26,518,960 ","$42,648,201 "
1998,Milwaukee,"$25,919,828 ","$41,684,670 "
1998,Memphis,"$25,637,110 ","$41,229,998 "
1998,Detroit,"$24,876,625 ","$40,006,975 "
1998,Toronto,"$24,748,905 ","$39,801,574 "
1998,LA Clippers,"$24,493,625 ","$39,391,029 "
1997,Chicago,"$58,270,000 ","$95,863,626 "
1997,Orlando,"$40,149,100 ","$66,051,793 "
1997,Indiana,"$39,480,000 ","$64,951,017 "
1997,Phoenix,"$36,140,000 ","$59,456,173 "
1997,Washington,"$34,940,000 ","$57,481,977 "
1997,Golden State,"$31,087,000 ","$51,143,164 "
1997,San Antonio,"$30,785,500 ","$50,647,150 "
1997,Oklahoma City,"$30,301,500 ","$49,850,891 "
1997,LA Lakers,"$28,838,500 ","$47,444,018 "
1997,Sacramento,"$27,820,200 ","$45,768,748 "
1997,Detroit,"$26,848,500 ","$44,170,146 "
1997,Houston,"$26,275,000 ","$43,226,643 "
1997,Dallas,"$26,107,500 ","$42,951,076 "
1997,New York,"$25,923,500 ","$42,648,370 "
1997,Boston,"$25,853,500 ","$42,533,206 "
1997,Atlanta,"$25,806,100 ","$42,455,225 "
1997,Brooklyn,"$25,426,600 ","$41,830,889 "
1997,Utah,"$25,267,000 ","$41,568,318 "
1997,Portland,"$24,903,500 ","$40,970,303 "
1997,Milwaukee,"$24,222,500 ","$39,849,949 "
1997,Minnesota,"$24,100,500 ","$39,649,235 "
1997,Philadelphia,"$23,669,500 ","$38,940,172 "
1997,LA Clippers,"$23,336,500 ","$38,392,332 "
1997,Miami,"$22,421,000 ","$36,886,184 "
1997,Denver,"$21,243,300 ","$34,948,679 "
1997,Charlotte,"$20,975,500 ","$34,508,101 "
1997,Cleveland,"$18,867,500 ","$31,040,100 "
1997,Toronto,"$18,633,900 ","$30,655,791 "
1997,Memphis,"$15,978,000 ","$26,286,403 "
